username,email,status,billing-active,has-2fa,has-sso,userid,fullname,displayname,expiration-timestamp
hatahila,hatahila@gmail.com,"Primary Owner",1,0,0,UG4GK9E79,"HATANGIMBABAZI Hilaire",hilaire,
uwjbosco,uwjbosco@gmail.com,Member,0,0,0,UG4TB8PC0,Bosco,Bosco,
sauvejeanluc3,sauvejeanluc3@gmail.com,Member,1,0,0,UG50QN6F3,"SAUVÉ Jean-Luc","SAUVÉ Jean-Luc",
edinenoella,edinenoella@gmail.com,Member,1,0,0,UG50YT1QR,"Edine Noella",Edine,
hortanceirakoze,hortanceirakoze@gmail.com,Member,1,0,0,UG519BUKB,"Hortance Irakoze",Hortance,
patrickniyogitare28,patrickniyogitare28@gmail.com,Member,1,0,0,UG52KKQP3,"Patrick Niyogitare","Patrick Niyogitare",
fistonnshimiyandinze,fistonnshimiyandinze@gmail.com,Member,0,0,0,UG584LHPB,"Fiston Nshimiyandinze",Fiston,
felixdusengimana3,felixdusengimana3@gmail.com,Member,0,0,0,UG5DR85K6,"Phelix Dusengimana",,
paulineishimwe12,paulineishimwe12@gmail.com,Member,1,0,0,UG5E10GSG,"Marie pauline","M pauline",
constance.nimuhire,constance.nimuhire@gmail.com,Deactivated,0,0,0,UG5F3GJ59,"Ange Constance Nimuhire",Constance,
samuel.dushimimana.rw,samuel.dushimimana.rw.education@gmail.com,Member,1,0,0,UG5FEHZ7D,"Samuel Dushimimana",dushsam,
ntwariegide2,ntwariegide2@gmail.com,Member,0,0,0,UG5FFJPGR,"Egide Ntwari",Egide,
mashodot,mashodot@gmail.com,Member,0,0,0,UG5G7JZ1R,"Masengesho Donatien",Masengesho,
nsabyegide,nsabyegide@gmail.com,Member,1,0,0,UG5HMLKMZ,"NSABYIMANA Egide","NSABYIMANA Egide",
hirwablessing7,hirwablessing7@gmail.com,Member,0,0,0,UG5JE1SGJ,"Hirwa B",Blessing,
nsengiyumv33,nsengiyumv33@gmail.com,Member,0,0,0,UG5JG00LA,"Gershom Nsengiyumva",Gershom,
gbaziramwabo,gbaziramwabo@gmail.com,Member,1,0,0,UG5KU4JQ2,"Gabriel Baziramwabo",Gabriel,
denysemutoniuwingeney,denysemutoniuwingeneye@gmail.com,Member,1,0,0,UG5QNJQCD,Denyse,Denyse,
elocin,angenicolemukundwa22@gmail.com,Member,1,0,0,UG5RE2R9T,"Mukundwa Ange",Nicole,
gasananike,gasananike@gmail.com,Member,0,0,0,UG5RUSZQD,Keny,Keny,
ntwaricliberi,ntwaricliberi@gmail.com,Member,0,0,0,UG60FTDK2,Liberi,"Ntwari Liberi",
melissaineza8,melissaineza8@gmail.com,Member,0,0,0,UG60P55FA,"Melissa Ineza",,
prettyntakirutimana,prettyntakirutimana@gmail.com,Member,0,0,0,UG61WJ2H2,dian,dian,
kellumuhire,kellumuhire@gmail.com,Member,0,0,0,UG62XHLP4,"Kellia Umuhire",Kellia,
janviereuwiteka3,janviereuwiteka3@gmail.com,Member,0,0,0,UG65MPKUZ,"Janviera Uwiteka",Janau,
yvette,ygahamanyi26@gmail.com,Member,0,0,0,UG65UG4MP,"Gahamanyi yvette",Gahamanyi,
didiermunezer38,didiermunezer38@gmail.com,Member,1,0,0,UG687KDB2,"Didier Munezero","Didier Munezero",
oresteabizera11,oresteabizera11@gmail.com,Deactivated,0,0,0,UG68QQTDE,"Abizera Oreste",Abizera,
mugaboverite,mugaboverite@gmail.com,Member,1,0,0,UG6D90PPB,"Vérité Mugabo Makuza","Vérité Mugabo Makuza",
jirabot,botuser-TG3A11QGL-BG83ZSE4X@slack-bots.com,Deactivated,0,0,0,UG6EFL7K3,Jira,,
github,appuser-TG3A11QGL-A8GBNUWU8@slack-bots.com,Deactivated,0,0,0,UG6EJNHL1,"GitHub (Legacy)",,
mugishaisaac486,mugishaisaac486@yahoo.com,Member,0,0,0,UG6JSQMQB,Mugisha,mugisha,
kobshallon041,kobshallon041@gmail.com,Member,1,0,0,UG6LBHM47,Shallon,Shallon,
andesanselme,andesanselme@gmail.com,Member,1,0,0,UG6LCAY9J,maitre.​me,maitre.me,
dukundanedanny1,dukundanedanny1@gmail.com,Member,0,0,0,UG6LCRT2Q,"Daniel Dukundane",Daniel,
stecieniyo,stecieniyo@gmail.com,Member,0,0,0,UG6LDT8H2,"Stecie Niyonzima",Stecie,
cedricizabayo7,cedricizabayo7@gmail.com,Member,1,0,0,UG6LKRWKE,I.​CEDRIC,,
joysouvede,isouvede2@gmail.com,Deactivated,0,0,0,UG6LPFMFH,"Cyrus Souvéde",Inshuti,
hagenimanayassin84.co,hagenimanayassin84.com@gmail.com,Deactivated,0,0,0,UG6LQU0VD,Maktoum,Maktoum,
sandbergjacques500,sandbergjacques500@gmail.com,Member,1,0,0,UG6M4TNRM,Sandberg,,
egideharerimana7,egideharerimana7@gmail.com,Member,0,0,0,UG6MPV9ST,"harerimana egide","harerimana egide",
damascene10,damascene10@gmail.com,Member,1,0,0,UG6MQL1MM,"Jean Damascene Habanabashaka","Jean Damascene Habanabashaka",
iralandrada,iralandrada@gmail.com,Member,0,0,0,UG6NZQ3N3,"Iradukunda Landrada",Landrada,
ikirezidivine21,ikirezidivine21@gmail.com,Member,0,0,0,UG6R8BUU9,"Ikirezi Divine",Divine,
sagemuho,sagemuho@gmail.com,Member,1,0,0,UG6SHUFDZ,"Mhodali Sage","Muhodari Sage",
peacecyebukayire,peacecyebukayire@gmail.com,Member,0,0,0,UG6SK07MZ,"Peace Cyebukayire",Peace,
amosekata,amosekata@gmail.com,Member,0,0,0,UG6U2FL68,Aimelyse,Aimelyse,
igiraneza,igiranezah59@gmail.com,Member,0,0,0,UG6U2QSCU,"Honorine  Igiraneza",Honorine,
tamarameme05,tamarameme05@gmail.com,Member,0,0,0,UG6U325L4,"Iradukunda Merlyne",Tamara,
elissatwizeyimana,elissatwizeyimana@gmail.com,Member,0,0,0,UG6U3QD60,"Twizeyimana Elissa",Edison,
nshimiyee311,nshimiyee311@gmail.com,Member,1,0,0,UG6UQDP0C,"Emmy Nshimiye","Emmy Nshimiye",
hirwa.chanelle,hirwa.chanelle@gmail.com,Member,0,0,0,UG70E5FT4,Hirwa,Chanelle,
erneste.ntezirizaza,erneste.ntezirizaza@gmail.com,Member,1,0,0,UG70EAUQ2,"Erneste Ntezirizaza","Erneste Ntezirizaza",
mukezwa,mukezwa@gmail.com,Member,0,0,0,UG70EVB2N,"Irakoze Loraine",Loraine,
mwizerwa77,mwizerwa77@gmail.com,Member,1,0,0,UG72YRD7G,stanleym,,
tuyishimejeand88,tuyishimejeand88@gmail.com,Member,1,0,0,UG76NPS8L,tuyishime_jeandamour,damour,
ishimwegervais,ishimwegervais11@gmail.com,Member,1,0,0,UG7A3LBFX,Gervais,Gervais,
fredson,gisafredson45@gmail.com,Member,0,0,0,UG7L2G286,"Gisa Kaze Fredson",Fredson,
mgustave39,mgustave39@gmail.com,Member,1,0,0,UG7QVL8QP,"Manzi Gustave",Manzi,
irabestverie2016,irabestverie2016@gmail.com,Deactivated,0,0,0,UG82STTJT,"Best Verie Iradukunda",Best,
josueahadihabib,josueahadihabib@gmail.com,Deactivated,0,0,0,UG82UGJPR,"Ahadi Habib Josue",Josue,
ubethiane07,ubethiane07@gmail.com,Deactivated,0,0,0,UG84WHEEA,"Anne Bethiane UWABABYEYI",Bethiane,
irakizadivin,irakizadivin@gmail.com,Member,1,0,0,UG8586A30,"Divin Irakiza","Divin Irakiza",
manzimike378,manzimike378@gmail.com,Member,0,0,0,UG859EERL,"Manzi Mike",Mike,
izereuwonkundakelia,izereuwonkundakelia@gmail.com,Member,0,0,0,UG85AEJ14,izere,Kerie,
inezannabelle,inezannabelle@gmail.com,Deactivated,0,0,0,UG8D0BFC6,"Aimee Annabelle",Annabelle,
phinah.mahoro10,phinah.mahoro10@gmail.com,Member,0,0,0,UG8D0QJHL,Phinah,M.Phinah,
kwizemmy2004,kwizemmy2004@gmail.com,Member,1,0,0,UG8D1F9F0,"Emmanuel Kwizera",,
slack_foundry,appuser-TG3A11QGL-AC8R6D6JY@slack-bots.com,Deactivated,0,0,0,UG9TU12JH,"Slack Foundry",,
felix.dusengimana3,felix.dusengimana3@gmail.com,Deactivated,0,0,0,UGF01434P,"Felix Dusengimana","Phelix Dusengimana",
tracymurenzi,tracymurenzi@gmail.com,Member,0,0,0,UGHPWG1S9,Tracy,Tracy,
egideharerimana085,egideharerimana085@gmail.com,Member,0,0,0,UGSHRSWGM,degide,,
googledrive,botuser-TG3A11QGL-BH1T3NM6E@slack-bots.com,Deactivated,0,0,0,UH27J4Y85,"Google Drive",,
emojibot,botuser-TG3A11QGL-BJ8P32G0H@slack-bots.com,Deactivated,0,0,0,UJ3LLANE6,emojibot,,
zoom,botuser-TG3A11QGL-BJFE9SRGE@slack-bots.com,Deactivated,0,0,0,UJD89LTE1,Zoom,,
teamline,botuser-TG3A11QGL-BJD9RGQJC@slack-bots.com,Deactivated,0,0,0,UJD8CFSDT,Teamline,,
ntwari,botuser-TG3A11QGL-BJ1SXQ398@slack-bots.com,Deactivated,0,0,0,UJDA4PSG0,ntwari,,
moji,botuser-TG3A11QGL-BJF3V1LMT@slack-bots.com,Deactivated,0,0,0,UJF55AAM6,moji,,
nsengimana.olivier100,nsengimana.olivier100@gmail.com,Member,0,0,0,UJMRL0FCJ,"Olivier Nsengimana","Olivier Nsengimana",
iralandrada8,iralandrada8@gmail.com,Member,0,0,0,UJW76UD4P,"Landrada Iradukunda",Landrada,
mugisha,mugishaisaac2001@gmail.com,Member,0,0,0,UJX3TGKTJ,"Mugisha Isaac","MUGISHA Isaac",
clevergoogleads,botuser-TG3A11QGL-BKRK1SZEV@slack-bots.com,Deactivated,0,0,0,UKRK1SZJM,"Clever Google Ads",,
polly,botuser-TG3A11QGL-BKTKY4BV3@slack-bots.com,Bot,0,0,0,UKT5TM98C,Polly,,
talktotheword,botuser-TG3A11QGL-BL46ZPHG9@slack-bots.com,Deactivated,0,0,0,UKZ5221LJ,TalkToTheWord,,
fredson.coder,fredson.coder@gmail.com,Deactivated,0,0,0,UM3MKD81H,Fredson,Fredson,
dropbox,botuser-TG3A11QGL-BLVLZ1QP3@slack-bots.com,Deactivated,0,0,0,UM3SW78RM,Dropbox,,
ishimwemelissalarma,Ishimwemelissalarma@gmail.com,Member,0,0,0,UM4F37V8X,ishimwemelissalarma,,
twizojacques,twizojacques@gmail.com,Deactivated,0,0,0,UN8PY3MPV,Jacques,Jacques,
floatmyhello4211,floatmyhello4211@gmail.com,Deactivated,0,0,0,UNGBZ9S5P,Momo,,
uwenayoallain,uwenayoallain@gmail.com,Member,1,0,0,US8FZSV5G,uwe,uwe,
ivan,ivan@yahoo.com,Member,0,0,0,US8HHMY8J,ivan,,
michaellaineza13,michaellaineza13@gmail.com,Member,1,0,0,US9RF7V19,"INEZA A.Michaella",Michaella,
ciradukundaa,ciradukundaa@gmail.com,Member,0,0,0,US9RHSBNF,I_Clarisse,I_Clarisse,
kamala_fidele,kamala_fidele@yahoo.com,Member,0,0,0,US9S9HJ9Z,"Kamala fidele",Landlord,
google_calendar,botuser-TG3A11QGL-BSAT1VD1T@slack-bots.com,Deactivated,0,0,0,USASRV80Y,"Google Calendar",,
irategekabin,IRATEGEKABIN@yahoo.com,Member,0,0,0,USB3GHURF,"irategeka neza bruce",,
alliekook03,alliekook03@gmail.com,Member,1,0,0,USB3J7G5P,"Impano Alliance",Impano,
ninamyles2020,ninamyles2020@gmail.com,Deactivated,0,0,0,USB3LUARF,BCN,Cyndy,
irategekbin,irategekbin@gmail.com,Member,0,0,0,USB43LGJV,"irategeka neza bruce",,
munganyinkashakira,munganyinkashakira@gmail.com,Member,0,0,0,USB8CK9L1,"Munganyinka Shakira",Shakiratullah,
auria250,auria250@yahoo.com,Member,1,0,0,USB8JEYBB,"Teta Butera Nelly",Odreille,
wizynives,wizynives@gmail.com,Member,1,0,0,USBGM7K99,makeouthill,nives,
byiringirosaad,byiringirosaad@gmail.com,Deactivated,0,0,0,USBTHMR7U,"byiringiro saad",Saad,
uwitonze,uwitonze@gmail.com,Member,0,0,0,USC0K85L2,"uwitonze jean bosco",,
valens,valens@gmail.com,Member,0,0,0,USC0U0ERZ,valens,,
tzyelissa90,tzyelissa90@gmail.com,Member,0,0,0,USC9CE66B,"Twizeyimana Elissa",Elissa,
uwamgaleila,uwamgaleila@gmail.com,Member,0,0,0,USCNSDLHY,"Gasaro Leila","Gasaro Leila",
abiheloaf,abiheloaf@gmail.com,Deactivated,0,0,0,USCNSE57C,Abi-Seth,Abi-Seth,
yvesisite,yvesisite@gmail.com,Member,1,0,0,USCNSEMRQ,"Isite Yves",Isite,
rwagapfizi10,rwagapfizi10@gmail.com,Member,0,0,0,USCNSF89G,"Rwagapfizi Igor Roggy","Igor Roggy",
mpeter,mfitep6@gmail.com,Member,1,0,0,USCNSKCR0,"Mfitumukiza Peter",Peter,
nshutij7,nshutij7@gmail.com,Member,1,0,0,USCPN0XGS,Sigma,Jabes,
jinezachance,jinezachance@gmail.com,Member,0,0,0,USCPN59U2,"Ineza Jӧst Chance",Jӧst,
sanrdushimimana,sanrdushimimana@gmail.com,Member,1,0,0,USE2PC4F5,sandrine,sandrine,
igaimerca,igaimerca@gmail.com,Deactivated,0,0,0,USE2PGU59,_blank_,,
davidshumbusho10,davidshumbusho10@gmail.com,Member,1,0,0,USE2PHVS7,"SHUMBUSHO David",David,
niyigenatreasure14,niyigenatreasure14@gmail.com,Member,0,0,0,USE3JSC5R,Niyigenatreasure14,,
pmuhire.rca.rw,pmuhire.rca.rw@gmail.com,Member,1,0,0,USE3K17NF,"Muhire Patrick",pmuhire,
eloimizero324,eloimizero324@gmail.com,Member,0,0,0,USE3K2H43,eloi,eloi,
treasureharden14,treasureharden14@gmail.com,Member,1,0,0,USE7M9FDZ,_trezor__,Intare_Batinya,
veriteiradukunda14,veriteiradukunda14@gmail.com,Member,1,0,0,USEAN43EX,"Vérité Iradukunda",IVY,
gngrace10,gngrace10@gmail.com,Member,1,0,0,USFAGEVJ5,"Grâce Fidèle DUSHIME","Grâce DUSHIME",
kayitareauda,kayitareauda@gmail.com,Member,0,0,0,USFAGFWL9,pilgrim,pilgrim,
umutoniwabohasby,umutoniwabohasby@gmail.com,Member,0,0,0,USFBBSU2D,S,Hasby,
inaillah,naillaineza@gmail.com,Member,1,0,0,USFNXRUD7,"NAILLAH INEZA",NAILLUUHHH,
dabagirevalens,DABAGIREVALENS@GMAIL.COM,Deactivated,0,0,0,USH30EQJE,"DABAGIRE VALENS","DABAGIRE VALENS",
dushimebillbenon,DushimeBillBenon@gmail.com,Deactivated,0,0,0,USK5JPMJ7,"Bill Benon",Bill,
kalisabelyseteta,kalisabelyseteta@gmail.com,Member,1,0,0,USKJS2S2F,KB,Kalisa,
singizwanick19,singizwanick19@gmail.com,Member,1,0,0,USKSWLA6M,MSN,Nick,
larissateta12,larissateta12@gmail.com,Member,0,0,0,USKTDKZ9P,larissateta12,,
arianeitetero,arianeitetero@gmail.com,Member,0,0,0,USLSTTDJQ,IA,Ariane,
moivanos,moivanos@yahoo.com,Deactivated,0,0,0,USMA1MBBJ,"MUHOZA OLIVIER IVAN","KALASA Ivan",
mudahemukamanzi,mudahemukamanzi@yahoo.cm,Member,0,0,0,USMABJAMB,MANZI,,
anglebert,anglebertsh@gmail.com,Deactivated,0,0,0,USMSGDWGK,Anglebert,Makaveli,
erneste.lorenzo,erneste.lorenzo@gmail.com,Member,0,0,0,USP0F590Q,"Erneste Ntezirizaza","Erneste Ntezirizaza",
aderline,aderlinecarmella@gmail.com,Deactivated,0,0,0,USP5QH0DV,"Aderline Gashugi",Aderline,
mudahemukamanzi267,mudahemukamanzi@yahoo.com,Member,1,0,0,USP6JPXQF,MManzi,Mmanzi,
ntagungiraali,ntagungiraali@gmail.com,Deactivated,0,0,0,USP6M5ZDM,Ali,Ali,
hopebiziyaremye,hopebiziyaremye@gmail.com,Member,0,0,0,USP6PM4KH,Henriette,Henriette,
turinumugishasouvenir,turinumugishasouvenir@gmail.com,Member,1,0,0,USQ7S6TRA,"Turinumugisha Souvenir",Munyeshuli,
bruce.i19,nezabruce250@gmail.com,Member,1,0,0,USQPQJVFS,"Neza bruce",bruce,
ketsukj,ketsukj@gmail.com,Member,0,0,0,USR3WE90C,Kelly,Kelly,
mamengisele,mamengisele@gmail.com,Deactivated,0,0,0,USR3WGUUC,"Amen Gisèle",Mwizera,
beullarugero6,beullarugero6@gmail.com,Member,1,0,0,USRGFLPLY,"Rugero Beulla",Rugero,
fiatbruno10,fiatbruno10@gmail.com,Member,0,0,0,USRHLQ6GM,"Fiat Bruno",Fiat,
pacisnkubito,pacisnkubito@gmail.com,Member,1,0,0,USRHLRK0D,Pacis,Pacis,
burigoj2,burigoj2@gmail.com,Deactivated,0,0,0,USRHLSVHB,"Aldo Jabes",Aldo,
umuesther,umuesther@yahoo.com,Member,0,0,0,USRHLUNRK,"Esther Umuhoza",Esther,
tetalenaa,lt40010@gmail.com,Member,1,0,0,USRMD2CAC,"T. Léna",Tlxna,
princemutegetsi,princemutegetsi@yahoo.com,Member,0,0,0,USS5EKZ8C,"Prince Mutegetsi",prince,
ihozohonnette12,ihozohonnette12@gmail.com,Member,0,0,0,USSJ3464T,"Ihozo Honette",Ihozo,
valensiadosantos,valensiadosantos@gmail.com,Member,0,0,0,USSKG2YF9,valensiadosantos,,
kareramarvin14,kareramarvin14@gmail.com,Member,1,0,0,USTD5HY3H,Marvin,Marvin,
mpanoc6,mpanoc6@gmail.com,Deactivated,0,0,0,USTD5PKFZ,"Christian MPANO",Chris,
kethiakayigire,kethiakayigire@gmail.com,Member,0,0,0,USTME3G5D,kemy,kemy,
mugishakundasarah,mugishakundasarah@gmail.com,Member,0,0,0,USTNJ545U,"kunda Mugisha Sarah",Sarah,
imanziyannickkenny,imanziyannickkenny@gmail.com,Member,1,0,0,USW679NKE,"IMANZI Yannick Kenny",IMANZI,
igihozocolombe2003,igihozocolombe2003@gmail.com,Member,0,0,0,USWPVQ9C0,"Igihozo  colombe",colombe,
tetalarissa69,tetalarissa69@gmail.com,Member,1,0,0,USX066P4Y,"Larissa Teta",Teta,
angebelard,angebelard@gmail.com,Deactivated,0,0,0,USXBK1ZV5,"Ange Belard",A_Belard,
dufitumukizaemmanuel,dufitumukizaemmanuel@gmail.com,Member,0,0,0,UT32RKR4N,"Dufitumukiza Emmanuel",,
dufitumukizaemmanuel0,dufitumukizaemmanuel0@gmail.com,Member,1,0,0,UT32U66PQ,"Dufitumukiza Emmanuel","Emmanuel Dufitumukiza",
acelehappy22,acelehappy22@yahoo.com,Deactivated,0,0,0,UT6QJRXRD,"dukunde Irakoze Acele happy",,
acele4444,acele4444@gmail.com,Member,1,0,0,UT809S7B9,"Dukunde Acele",Happy,
mdidier408,mdidier408@gmail.com,Member,0,0,0,UTAH16EH3,mdidier408,,
peacerobotman,peacerobotman@gmail.com,Deactivated,0,0,0,UTASYKRPG,"Cyiza Elvis Trimph","Cyiza Elvis Trimph",
valeegire,valeegire@gmail.com,Deactivated,0,0,0,UTLSDRJS0,"DABAGIRE VALENS",valens,
valegire,valegire@gmail.com,Member,0,0,0,UTS8HLDJR,valegire,,
trello,botuser-TG3A11QGL-BTWAK6535@slack-bots.com,Deactivated,0,0,0,UTWAK6803,trello,,
nezabruce,nezabruce@gmail.com,Member,0,0,0,UU6CLUTUL,brucce,brucce,
papiasni,papiasni@gmail.com,Member,0,0,0,U010L97NG5D,"Dr Papias","Dr Papias",
nyabitebosofia,Nyabitebosofia@gmail.com,Member,0,0,0,U010P79EHTQ,"MUTEGETSI PRINCE",Prince,
mizeroeloi79,mizeroeloi79@gmail.com,Member,0,0,0,U010R5FAWMN,Mizero,,
pmuhire2002,pmuhire2002@gmail.com,Member,1,0,0,U011B7S7ECX,reihm,M.....P......,
patricksinjyeniyo1,Patricksinjyeniyo1@gmail.com,Member,0,0,0,U011GH98B50,"Patrick Sinjyeniyo","Patrick Sinjyeniyo",
buteraodreille,buteraodreille@gmail.com,Member,0,0,0,U013WHQ9QV9,"the unkown","mystery coder",
nshimiye,nshimiye@gmail.com,Member,0,0,0,U015CKGMF1Q,nshimiye,,
kamalafidele577,kamalafidele577@gmail.com,Member,0,0,0,U017BRDV61G,kamalafidele577,kamalafidele577,
kamalafidele755,kamalafidele755@gmail.com,Member,0,0,0,U017BRSLTFC,kamalafidele755,,
fjfj,fjfj@gmail.com,Member,0,0,0,U017C2G4DGB,fjfj,,
valensdabagire,valensdabagire@gmail.com,Deactivated,0,0,0,U017D94GJNS,"DABAGIRE Valens","D valens",
you1,you@gmail.com,Deactivated,0,0,0,U017L7V6RL5,cintex,,
nzakiramuhoza,moikalasa12@gmail.com,Member,0,0,0,U018L2H6JU8,"Kalasa Ivan",K.Ivan,
microsoft_teams_calls,botuser-TG3A11QGL-B018PU6CJF4@slack-bots.com,Deactivated,0,0,0,U018W48KRE0,"Microsoft Teams Calls",,
kemykayigire,kemykayigire@gmail.com,Member,0,0,0,U01AHECJNNP,kethia,ketia,
dusengimanaphelix,dusengimanaphelix@gmail.com,Member,0,0,0,U01B3JJR7MF,"Felix Dusengimana (online)","Felix Dusengimana (online)",
kamalafizzet45,Kamalafizzet45@gmail.com,Member,1,0,0,U01D2JS1BCY,"Kamara Fidele","Kamara fidele .Z",
dusabimanavalence2020,dusabimanavalence2020@gmail.com,Member,0,0,0,U01DWP1N734,"Mucyo Eloi","Mucyo Eloi",
ishimwet82,ishimwet82@gmail.com,Deactivated,0,0,0,U01DYGU52EB,"Aimé Igirimpuhwe",Aimé,
kamalafizzet,kamalafizzet@gmail.com,Member,0,0,0,U01E4009V7W,kamalafizzet,,
kennedysteron,kennedysteron@gmail.com,Deactivated,0,0,0,U01F0GSF2T0,kenny,kenny,
azefredson,azefredson@gmail.com,Member,1,0,0,U01FJH4UKJL,"Fredson Gisa Kaze","Fredson Gisa Kaze",
jeandedieunshimiyiman,jeandedieunshimiyimana@gmail.com,Member,0,0,0,U01FMHYHTPH,"Jean de Dieu NSHIMIYIMANA","Jean de Dieu NSHIMIYIMANA",
mubenilde17,mubenilde17@gmail.com,Member,1,0,0,U01G6SYSUQ4,"Benilde Mukashema",,
aphrorwa,aphrorwa@gmail.com,Member,1,0,0,U01G7UATK6H,"Aphrodice Rwagaju",,
example,example@gmail.com,Member,0,0,0,U01G8DU0XC7,example,,
mutegetsi2000,mutegetsi2000@gmail.com,Member,1,0,0,U01G8G7S11D,"Mutegetsi prince",Prince,
cyuzuzoumuhozajeannet,cyuzuzoumuhozajeannette1@gmail.com,Member,0,0,0,U01GBD0BT4P,"Cyuzuzo Rosine",,
zigdidier,zigdidier@gmail.com,Member,0,0,0,U01GGQE52H2,"UWANTWALI ZIGAMA DIDIER","UWANTWALI ZIGAMA DIDIER",
krbenon,krbenon@gmail.com,Member,1,0,0,U01GZ3G5YTS,Benon,,
fistonfle04,fistonfle04@gmail.com,Member,0,0,0,U01H5GEH58F,"fiston Nshimiyandinze","fiston Nshimiyandinze",
celinennuwayo,celinennuwayo@gmail.com,Member,0,0,0,U01HACK97BM,celinennuwayo,,
eloimizero123,eloimizero123@gmail.com,Member,0,0,0,U01HEK6CJJF,"Eloi MIZERO",MIZERO,
hyassin509,hyassin509@gmail.com,Deactivated,0,0,0,U01HH76D4KF,"Hagenimana Yassin","Hagenimana Yassin",
tmanelissa250,tmanelissa250@gmail.com,Member,0,0,0,U01HL9RT8MQ,tmanelissa250,,
mugishaisaac0508,mugishaisaac0508@gmail.com,Member,0,0,0,U01HSEKGB0C,"Mugisha Isaac","Mugisha Isaac",
dirakiza,dirakiza@rca.ac.rw,Member,0,0,0,U01HYUA4Y0H,dirakiza,,
dushsam100,dushsam100@gmail.com,Member,0,0,0,U01KENT5LFR,dushsam100,,
mdenyse15,mdenyse15@gmail.com,Member,0,0,0,U01KNNQ9ZSA,"Mutoni Denyse","Mutoni Denyse",
eumuhoza83,eumuhoza83@gmail.com,Member,0,0,0,U01KSDL2TTP,"Esther Umuhoza",U.Esther,
cyndyninah,cyndyninah@gmail.com,Member,0,0,0,U01L1LZKCAY,cyndyninah,,
projectrwanda0,projectrwanda0@gmail.com,Member,0,0,0,U01L8N3FXSB,Hy,Yassin,
libsearch,botuser-TG3A11QGL-B01LR5RFF7X@slack-bots.com,Deactivated,0,0,0,U01LMEVJLUW,libsearch,,
bot,botuser-TG3A11QGL-B01P6FR0AN8@slack-bots.com,Deactivated,0,0,0,U01NKHH7ANB,Bot,,
vdabagire,vdabagire@gmail.com,Member,0,0,0,U01PVLSFMRP,"DABAGIRE Valens",,
kennedysteron999,kennedysteron999@gmail.com,Deactivated,0,0,0,U01S3V92X0U,kennedy,Kennedy,
yvestumushimire,yvestumushimire@gmail.com,Member,0,0,0,U01U1D526RM,yvestumushimire,,
adobecreativecloud,botuser-TG3A11QGL-B020Q51BQ21@slack-bots.com,Deactivated,0,0,0,U020ZC2A0MA,"Adobe Creative Cloud",,
uwenayoallain685,uwenayoallain@outlook.com,Member,0,0,0,U021QS2RHJB,"This is a Junk.","Don't Use this.",
shaka122shaka,shaka122shaka@gmail.com,Member,0,0,0,U022VEQHXME,shaka122shaka,,
github2,botuser-TG3A11QGL-B0233N803HD@slack-bots.com,Deactivated,0,0,0,U023FD6DD2R,GitHub,,
kerakabaye,kerakabaye@gmail.com,Deactivated,0,0,0,U023Q17RYVC,helloworld,helloworld,
shanneahmed,shanneahmed@gmail.com,Member,0,0,0,U024BD9UXDX,Hasby,Hasby,
rtb_recruiter,botuser-TG3A11QGL-B02BGHKTA57@slack-bots.com,Deactivated,0,0,0,U02AX6WMQKY,"RTB Recruiter",,
fknauer,fknauer@gmx.de,Member,0,0,0,U02F323UEMD,"Franziska Knauer","Franziska Knauer",
derrick,derrick@octan.group,Member,0,0,0,U02FQ086C4C,"Derrick Murengezi","Derrick Murengezi",
julia.hamblin,julia.hamblin@code.berlin,Member,0,0,0,U02FWC41JP3,"Julia Hamblin-Trué","Julia Hamblin-Trué",
kimon.haars,kimon.haars@gmail.com,Member,0,0,0,U02G7C8E06L,"Kimon Haars","Kimon Haars",
rtb,botuser-TG3A11QGL-B02JBAF5ELA@slack-bots.com,Deactivated,0,0,0,U02HWKU8H9D,RTB,,
vava1lantern7,vava1lantern7@gmail.com,Member,1,0,0,U02J8S16DAB,BSV,Shyaka,
ujenezadivine,ujenezadivine@gmail.com,Member,1,0,0,U02J8SE4R7H,Divine,"Divine Uje",
gajurosine1,gajurosine1@gmail.com,Member,1,0,0,U02J8SUS39V,"ROSINE nzambazamariya",Rosine,
nezaali06,nezaali06@gmail.com,Member,0,0,0,U02J8SUVDCP,nezaali06,,
ishimwekevine090,ishimwekevine090@gmail.com,Member,0,0,0,U02J8UUQMPZ,I.kevine,"ishimwe kevine",
ndiregis2006,ndiregis2006@gmail.com,Member,0,0,0,U02J9R61DQX,NullPointer,Null,
ucynthiaa555,ucynthiaa555@gmail.com,Member,0,0,0,U02J9R6SX7H,ucynthiaa555,,
hallcoder25,hallcoder25@gmail.com,Member,1,0,0,U02JAAA7XUP,"M Zesta",Apotre,
ishimwekevine098,ishimwekevine098@gmail.com,Member,1,0,0,U02JE2XHCCX,"I. kevine","I. kevine",
edmondgaks,edmondgaks@gmail.com,Member,1,0,0,U02JGQGLX2S,"Edmond Gakuba",Edmond,
gisingizo012,gisingizo012@gmail.com,Member,1,0,0,U02JGS2LZ5L,Gisingizo,Gisingizo,
ngaboiris77_1,ngaboiris77+1@gmail.com,Member,0,0,0,U02JH44AKHU,ngaboiris77,,
dushimiyimanajazzybru,dushimiyimanajazzybruno@gmail.com,Member,0,0,0,U02JH457TV4,dushimiyimanajazzybruno,,
emmyishimwe,emmyishimwe@gmail.com,Member,0,0,0,U02JH45DHP0,emmyishimwe,,
kalisainezagiovanni,kalisainezagiovanni@gmail.com,Member,0,0,0,U02JH49UV4N,kalisainezagiovanni,,
yvesderricks,yvesderricks@gmail.com,Member,1,0,0,U02JH4A0NES,"DUKUNDANE FURAHA (Yves) Derick",Yves-Derick,
tsikeniiratuzi,tsikeniiratuzi@gmail.com,Member,1,0,0,U02JHPQNBAS,I.​Tsikeni,I.Tsikeni,
uwimaritha250,uwimaritha250@gmail.com,Member,0,0,0,U02JHPRNP8E,uwimaritha250,,
vava_lantern,vava_lantern@yahoo.com,Member,0,0,0,U02JHPSFVKQ,vava_lantern,vava_lantern,
gcarli254,gcarli254@gmail.com,Member,0,0,0,U02JHPTDFD4,gcarli254,,
u.lina250,u.lina250@gmail.com,Member,1,0,0,U02JJ9KFBF0,U.​Lina,Lina,
joyeuserita,joyeuserita@gmail.com,Member,1,0,0,U02JJDEQ22J,Ritah,,
valentinvick2,valentinvick2@gmail.com,Member,0,0,0,U02JLS1NUUD,valentinvick2,,
patrickndayambaje4,patrickndayambaje4@gmail.com,Member,1,0,0,U02JMG6P3N1,"Patrick NDAYAMBAJE","Patrick NDAYAMBAJE",
musimentalois,musimentalois@gmail.com,Member,1,0,0,U02JMG7LAMT,lois,lois,
ibenitha03,ibenitha03@gmail.com,Member,0,0,0,U02JMG8E08M,ibenitha03,,
hyguetteimfura310,hyguetteimfura310@gmail.com,Member,0,0,0,U02JMG8QQFP,hyguetteimfura310,,
melissakabalisa1,melissakabalisa1@gmail.com,Member,0,0,0,U02JMGHJ8CD,melissakabalisa1,,
yvettemanishimwe9,yvettemanishimwe9@gmail.com,Member,1,0,0,U02JN6TP34N,Yvette,Yvette,
gthecoderkalisaineza,gthecoderkalisaineza@gmail.com,Member,1,0,0,U02JN8Y9Z7F,Giovanni,Giovanni,
uwemaritha250,uwemaritha250@gmail.com,Member,0,0,0,U02JN8YGWJH,uwemaritha250,,
niyeden250,niyeden250@gmail.com,Member,1,0,0,U02JPH41B3L,Niyiduhumugisha,Eden,
peaceamizero,peaceamizero@gmail.com,Member,1,0,0,U02JPH44W10,Thierry,Tresor_13,
mugishadorcus0,mugishadorcus0@gmail.com,Member,1,0,0,U02JPJ8B9KM,"Dorcus Mugisha",Dorcus,
mugenzic61,mugenzic61@gmail.com,Member,0,0,0,U02JPRPLQNN,mugenzic61,,
mugishadorcas2005,mugishadorcas2005@gmail.com,Member,0,0,0,U02JPRQD6N6,mugishadorcas2005,,
peaceamizero4,peaceamizero4@gmail.com,Member,0,0,0,U02JPRQF63U,peaceamizero4,,
phoenixnavyn7,phoenixnavyn7@gmail.com,Member,1,0,0,U02JPRQLCF4,"Ishimwe Sugira Yvan","Yvan Sugira",
vanessahirwa9,vanessahirwa9@gmail.com,Member,0,0,0,U02JPRXKL11,r,noone,
manishimweyvette8,manishimweyvette8@gmail.com,Member,0,0,0,U02JQFVG6RY,manishimweyvette8,,
mutuyimanarita,mutuyimanarita@gmail.com,Member,0,0,0,U02JQFW81M0,mutuyimanarita,,
soniakarigirwa,soniakarigirwa@gmail.com,Member,0,0,0,U02JQG26EF5,soniakarigirwa,,
honorerukundo71,honorerukundo71@gmail.com,Member,0,0,0,U02JQG28AUT,honorerukundo71,,
bdanbellamy,bdanbellamy@gmail.com,Member,1,0,0,U02JQG2K6JF,"Dan Bellamy",Dan,
seumugwaneza,seumugwaneza@gmail.com,Member,0,0,0,U02JQG3TN8K,seumugwaneza,,
apeacemary,apeacemary@gmail.com,Deactivated,0,0,0,U02JQG5PVH8,apeacemary,,
honorerukundo74,honorerukundo74@gmail.com,Member,1,0,0,U02JQGDE1FD,"Rukundo Honore",Honoré,
melissakabalisa2,melissakabalisa2@gmail.com,Member,0,0,0,U02JR17VDEX,melissakabalisa2,,
hyguettemurindaimfura,hyguettemurindaimfura@gmail.com,Member,1,0,0,U02JR1WUWKD,"IMFURA Hyguette",MURINDA,
lysaisimbi7,lysaisimbi7@gmail.com,Member,1,0,0,U02JR5J4YDQ,"Isimbi Keza Lysa",Isimbi,
jazzybruno45,jazzybruno45@gmail.com,Member,1,0,0,U02JR6S9R53,"Jazzy Bruno",Bruno,
kabalisamelissa2,kabalisamelissa2@gmail.com,Member,1,0,0,U02JRBBHSF5,"Melissa Mugisha Kabalisa",Melissa,
mustaphairadukunda,mustaphairadukunda@gmail.com,Member,1,0,0,U02JRP7BS68,moustapha,,
manziisrael99,manziisrael99@gmail.com,Member,1,0,0,U02JRQ3P42Y,"Manzi Israel",Israel,
muhireigor,muhireigor@gmail.com,Member,0,0,0,U02JS2D027N,muhireigor,,
mugishaprecieux,mugishaprecieux@gmail.com,Member,0,0,0,U02JSMZNQBE,mugishaprecieux,,
phinah,phinah@gmail.com,Member,0,0,0,U02JSS31G4U,phinah,,
irakramlaw,irakramlaw@gmail.com,Member,1,0,0,U02JT9NSRJ8,"Irakarama Laurent",Laurent,
muhireighor123,Muhireighor123@gmail.com,Member,1,0,0,U02JWAE0ADT,"Muhire Igor","Muhire Igor",
uwrmaritha250,uwrmaritha250@gmail.com,Member,1,0,0,U02JWEBQXNG,Marthe,,
ishimwekevin098,ishimwekevin098@gmail.com,Member,0,0,0,U02JWU9857W,ishimwekevin098,,
pacifiquemurangwa001,pacifiquemurangwa001@gmail.com,Member,1,0,0,U02JXAFEYNT,"Murangwa Pacifique",Murangwa,
rutagengwabruce,rutagengwabruce@gmail.com,Member,1,0,0,U02JXAH1W6B,"RUTAGENGWA Asante Bruce",A_Bruce,
ibenitha123,ibenitha123@gmail.com,Member,1,0,0,U02JXAWBKUL,"Benitha Ingabire",Benitha,
alineniyomungeli,alineniyomungeli@gmail.com,Member,1,0,0,U02JZFPLU22,Aline,,
karigirwasonia0,karigirwasonia0@gmail.com,Member,1,0,0,U02JZFXF8EN,"Kaligirwa Sonia Olga",Sonia,
bugingoeloi,bugingoeloi@gmail.com,Member,1,0,0,U02JZKA0SJH,Pogba,Elua,
umugwanezaalice22,umugwanezaalice22@gmail.com,Member,1,0,0,U02K1EBM5QT,"Umugwaneza Alice",U.Alice,
codesvalentin,codesvalentin@gmail.com,Member,1,0,0,U02K26A6333,"Valentin Dushime",Dush,
vanessahirwa5,vanessahirwa5@gmail.com,Member,1,0,0,U02K26G78P3,"Vanessa Gacurabwenge Hirwa",Vanessa,
ngaboiris77,ngaboiris77@gmail.com,Member,1,0,0,U02K2DXKPKK,"Ngabo Iris",Iris,
mutesacedric,mutesacedric@gmail.com,Member,1,0,0,U02K2DZ78V7,"Mutesa Cedric",m.cedric,
joykevinrobin1,joykevinrobin1@gmail.com,Member,1,0,0,U02K2DZHMC1,"UNYUZIMFURA Kevin","UNYUZIMFURA Kevin",
irakramsunny,irakramsunny@gmail.com,Member,0,0,0,U02K2E3F8C9,irakramsunny,,
eloibugingo,eloibugingo@gmail.com,Member,0,0,0,U02K2FQR3FD,eloibugingo,,
linalight250,linalight250@gmail.com,Member,0,0,0,U02K3448G6M,linalight250,,
manziisrael1108,manziisrael1108@gmail.com,Member,0,0,0,U02K344KWSD,manziisrael1108,,
karabonadege6,karabonadege6@gmail.com,Member,1,0,0,U02K385U7MK,Diamant,Nadege,
anaiseumugwaneza1,tettaa18@gmail.com,Member,1,1,0,U02K3869AA1,Anaïse,Anaïse,
mireilleumutoni05,mireilleumutoni05@gmail.com,Member,1,0,0,U02K386DV61,Mireille,Mireille,
soniakarigirwa0,soniakarigirwa0@gmail.com,Member,0,0,0,U02K3JTC7R7,soniakarigirwa0,,
ndizihiweregis06,ndizihiweregis06@gmail.com,Member,1,0,0,U02K3L9C8N8,"NDIZIHIWE Regis",rex.,
alineniyomungeri,alineniyomungeri@gmail.com,Member,0,0,0,U02K3L9KFJ8,alineniyomungeri,,
irizapeace,irizapeace@gmail.com,Member,1,0,0,U02K3SW0HNV,irizapeace,irizapeace,
nibakurejose,nibakurejose@gmail.com,Member,1,0,0,U02K58Z77JS,"Josephine Nibakure",Josse,
axaineza2005,axaineza2005@gmail.com,Member,0,0,0,U02K58ZDNCE,I.A,I.A,
andersonmia1968,andersonmia1968@gmail.com,Member,1,0,0,U02K6DHAUMA,Mia,Mia,
uwrmarthe250,uwrmarthe250@gmail.com,Member,0,0,0,U02K6HB75SM,uwrmarthe250,,
nkubitoyimanziruth2,nkubitoyimanziruth2@gmail.com,Member,1,0,0,U02K8DX9QNQ,ruth,ruth,
valensniyonsenga2003,valensniyonsenga2003@gmail.com,Member,1,0,0,U02K90YRP28,"NIYONSENGA Valens","Valens NIYONSENGA",
ishimvainqueur,ishimvainqueur@gmail.com,Member,1,0,0,U02K90Z294L,"Vainqueur ISHIMWE",IVainqueur,
uwavalens2003,uwavalens2003@gmail.com,Member,0,0,0,U02K91GFCFP,inactive_account,inactive_account,
ishimweemmanuel2005,ishimweemmanuel2005@gmail.com,Member,1,0,0,U02KC11G7NE,"ishimwe emmy","ishimwe emmy",
anaiseumugwaneza,anaiseumugwaneza@gmail.com,Member,0,0,0,U02KD7ASS3A,Anaïse,Anaïse,
cedrickmanzii0,cedrickmanzii0@gmail.com,Member,1,0,0,U02KD7RMHFA,"Manzi Cedrick","Manzi Cedrick",
gilbert,ndayishimiyegilbert101@gmail.com,Member,1,0,0,U02KDAEPDNC,"Ndayishimiye Gilbert",Gilbert,
ngaboiris77_2,ngaboiris77+2@gmail.com,Member,0,0,0,U02KDFV5U1E,ngaboiris77,,
cedrickmanzii01,cedrickmanzii01@gmail.com,Member,0,0,0,U02KE640ZSL,cedrickmanzii01,,
precieuxmugisha,precieuxmugisha@gmail.com,Member,1,0,0,U02KF1KCC3A,"Mugisha Puceau Précieux",Précieux,
inezaaxelle44,inezaaxelle44@gmail.com,Member,1,0,0,U02KG5U2LDC,"Axelle Ineza",Axelle,
divineingabire69,divineingabire69@gmail.com,Member,1,0,0,U02KG5U3RJA,"Ingabire Divine","Ingabire Divine",
cynthiaaa877,cynthiaaa877@gmail.com,Member,1,0,0,U02KJGKFQEL,Umwali,Cynthia,
ndungutsecharles103,ndungutsecharles103@gmail.com,Member,1,0,0,U02KQJTQR7T,"Ndungutse Charles",ndungutse,
uwavalens,uwavalens@gmail.com,Member,0,0,0,U02KU0A6LL9,uwavalens,,
myserv,botuser-TG3A11QGL-B02PSN4KTCJ@slack-bots.com,Deactivated,0,0,0,U02Q5B7AU1X,myserv,,
nsalexis07,nsalexis07@gmail.com,Member,0,0,0,U02TFK2FXNC,"Nsengiyumva Alexis",Alexis,
mchriscoder,mchriscoder@gmail.com,Member,0,0,0,U02U9DYPS82,mchriscoder,,
incident,botuser-TG3A11QGL-B0339U0RFFA@slack-bots.com,Deactivated,0,0,0,U032L5Y3074,incident,,
outlook_calendar,botuser-TG3A11QGL-B033DHYC37C@slack-bots.com,Deactivated,0,0,0,U032Z0CASJ3,"Outlook Calendar",,
scheduler,botuser-TG3A11QGL-B033H7SR7MY@slack-bots.com,Deactivated,0,0,0,U033H86G1KM,"Message Scheduler",,
canva,botuser-TG3A11QGL-B035BH8SRJ8@slack-bots.com,Deactivated,0,0,0,U03597JQMH9,Canva,,
kayitareaudax,kayitareaudax@gmail.com,Member,1,0,0,U03C89276DV,"Kayitare Audax",Audax,
bokzoslamb,bokzoslamb@gmail.com,Member,0,0,0,U03H5J29J3X,Bonheur,Bonheur,
geekbot,botuser-TG3A11QGL-B03NTLYEG5N@slack-bots.com,Deactivated,0,0,0,U03MXAHEQ14,Geekbot,,
filalliance769,filalliance769@gmail.com,Deactivated,0,0,0,U045R78E8F9,Alliance,Kabaka,
andymelvin56,andymelvin56@gmail.com,Member,1,0,0,U045UHB53KR,"Andy Melvin","Andy Melvin",
noelmugisha332,noelmugisha332@gmail.com,Member,1,0,0,U045UJXR1KR,Noel,Noel,
angelineza24,angelineza24@gmail.com,Member,1,0,0,U045W1ZKHE2,"INEZA Ange Fleurie",Fleurie,
shimalisa2,shimalisa2@gmail.com,Member,1,0,0,U045WEH15AT,"SHIMA Lisa",,
denyseumwari850,denyseumwari850@gmail.com,Member,1,0,0,U045WEYCZNK,"Denyse Umwari",Umwari,
glorineza2,glorineza2@gmail.com,Member,1,0,0,U045WKDGTE1,Gloria,"Ineza Gloria",
muyangechrista,muyangechrista@gmail.com,Member,0,0,0,U045WQ387KR,"Iliza Christa","Iliza Christa",
numwalilydia2022,numwalilydia2022@gmail.com,Member,1,0,0,U045X2U5TT9,NUMWALI,Numwali,
karabogretta,karabogretta@gmail.com,Member,1,0,0,U045XCGP59V,"Emmy Gretta",Emmy,
hopehirwa50,hopehirwa50@gmail.com,Member,1,0,0,U045XD0QR4P,"Hirwa Rukundo hope",Hope,
istacaise,istacaise@gmail.com,Member,1,0,0,U045Y9CS5RB,"Kirezi Nicaise","Kirezi Nicaise",
ishimwejustin37,ishimwejustin37@gmail.com,Member,0,0,0,U045YP15ULF,ishimwejustin37,,
odileduhirimana,odileduhirimana@gmail.com,Member,1,0,0,U045ZMA5SKF,"Odile Duhirimana",Odile,
amrieangele,amrieangele@gmail.com,Member,1,0,0,U045ZMA8QFP,"Marie Angele",Angele,
shemafabrice251,shemafabrice251@gmail.com,Member,0,0,0,U046162H53M,Fabrice,Fabrice,
rumu.belynda,rumu.belynda@gmail.com,Member,1,0,0,U0462N2413P,Belynda,Rusizana,
abayisengaaimepacifiq,abayisengaaimepacifique@gmail.com,Member,1,0,0,U0462NHP0ER,Abayisenga,Paccy,
irizajoella2006,irizajoella2006@gmail.com,Member,1,0,0,U0462NHT7TP,Iriza,Joella,
iratuzibeniegiramata,iratuzibeniegiramata@gmail.com,Member,1,0,0,U0463HG45RB,"Benie Giramata IRATUZI",Benie,
wivhug,wivhug@gmail.com,Member,0,0,0,U0463Q5PX6G,wivhug,,
joiedarlene02,joiedarlene02@gmail.com,Member,1,0,0,U0464CW5QBY,Umunyarwandakazi,"Joie Darlene",
divinnzirorera123,divinnzirorera123@gmail.com,Member,1,0,0,U0464D25Z1U,DIVIN,Divin,
ninahenrietterarr,ninahenrietterarr@gmail.com,Member,1,0,0,U0464NQK3L6,"Nina Henriette",Nina,
tuyizerek27,tuyizerek27@gmail.com,Member,1,0,0,U0464UJEGB0,Kevin,,
divinzirera123,divinzirera123@gmail.com,Member,0,0,0,U0465383WP8,divinzirera123,,
davinecyuzuzo,davinecyuzuzo@gmail.com,Member,1,0,0,U04659X4NDC,"Cyuzuzo Accarie",Davine,
bellablandine64,bellablandine64@gmail.com,Member,1,0,0,U0465L77CAW,"ineza bella","bella b.",
castellaine23,castellaine23@gmail.com,Member,1,0,0,U0465PVFJSX,Castella,Cinta,
akimanaviateur94,akimanaviateur94@gmail.com,Member,1,0,0,U0465PVJU75,"akimana viateur",viateur,
mugishayves189000,mugishayves189000@gmail.com,Member,1,0,0,U0468213NN9,"Mugisha Yves","Mugisha Yves",
huguesishema,huguesishema@gmail.com,Member,1,0,0,U046838V3UM,"Ishema Hugues",Hugues,
siboedouard88,siboedouard88@gmail.com,Member,0,0,0,U04683B4LQ5,Edouard,Edouard,
trudaseswa,trudaseswa@gmail.com,Member,1,0,0,U0468CDE7RT,Thierry,Thierry,
iturushimbabazipeace,iturushimbabazipeace@gmail.com,Member,1,0,0,U0468LFBV5K,"Peace Exaucee I.","Exaucee Peace",
luckybelieve10,luckybelieve10@gmail.com,Member,1,0,0,U0468U56N4T,"Lucky Believe","Lucky Believe",
shemafrank2580,shemafrank2580@gmail.com,Member,0,0,0,U0468V0BBFU,"shema frank","shema frank",
kayumbajmv5,kayumbajmv5@gmail.com,Member,0,0,0,U04691B6RFD,"kayumba jmv","kayumba jmv",
nicolasengiyumva,nicolasengiyumva@gmail.com,Member,0,0,0,U0469GNSCCF,"nsengiyumva nicola",nicola,
ishimwelorie45,ishimwelorie45@gmail.com,Member,1,0,0,U046ATS07L3,I.​Lorie,I.Lorie,
nduwayonathan5,nduwayonathan5@gmail.com,Member,1,0,0,U046ATS92UT,Nayth(an),Nayth(an),
ellapacissingizwa,ellapacissingizwa@gmail.com,Member,1,0,0,U046ATX464B,Ella,Ella,
ghislainhirwa11,ghislainhirwa11@gmail.com,Member,1,0,0,U046B0P14RG,Ghislain,Ghislain,
isamazasylvin,isamazasylvin@gmail.com,Member,1,0,0,U046B0QNJJE,"ISAMAZA Sylvin","ISAMAZA Sylvin",
arsenemuvunyi27,arsenemuvunyi27@gmail.com,Member,1,0,0,U046B0R8SBU,"Arsene Muvunyi",Arsene,
audabetabera,audabetabera@gmail.com,Member,1,0,0,U046B0XRVEW,Auda,Auda,
iradukundabertin082,iradukundabertin082@gmail.com,Member,1,0,0,U046B1J1MHQ,"IRADUKUNDA BERTIN",BERTIN,
kundwairiza,kundwairiza@gmail.com,Member,1,0,0,U046B1PTQD8,Kundwa,Kundwa,
milatifa481,milatifa481@gmail.com,Member,1,0,0,U046B81GH0U,"Latifa Micomyiza",Latifa,
rwegoneza12,rwegoneza12@gmail.com,Member,1,0,0,U046BB79L6N,Umunyarwanda,Nicole,
audreykirezi100,audreykirezi100@gmail.com,Member,1,0,0,U046BEWEQQK,"Kirezi Audrey",Audrey,
karlychloee12,karlychloee12@gmail.com,Member,1,0,0,U046BJVRKR9,I.​Chloe,Chloe,
hkzmnyves1,hkzmnyves1@gmail.com,Member,1,0,0,U046BNLQC4T,"HAKIZIMANA Yves",Yves,
mugishaherve100,mugishaherve100@gmail.com,Member,0,0,0,U046BNQDXJP,herve,herve,
niyitegekatresor,niyitegekatresor@gmail.com,Member,1,0,0,U046BR3RZ9Q,"Niyitegeka Remy Tresor","Remy Tresor",
blessinggianna7,BlessingGianna7@gmail.com,Member,1,0,0,U046BR9L3FV,"Gianna Blessing","Gianna Blessing",
christejab,christejab@gmail.com,Member,1,0,0,U046BSK0803,christelle,christelle,
ishimwejustin67,ishimwejustin67@gmail.com,Member,1,0,0,U046CEARQ9Z,"ISHIMWE Justin",Justin,
jeandedieu2030,jeandedieu2030@gmail.com,Member,1,0,0,U046CEBBHC3,"NSHIMYUMUKIZA II","NSHIMYUMUKIZA II",
dusabeelissa01,dusabeelissa01@gmail.com,Member,0,0,0,U046CG6CF7B,"Elissa Dusabe","Elissa Dusabe",
jonassebera,jonassebera@gmail.com,Member,1,0,0,U046CKA6BEW,Jaz99,Jonas_11,
bigirabagaboblaise,bigirabagaboblaise@gmail.com,Member,1,0,0,U046DBJKDQF,"BIGIRABAGABO Blaise",Blaise,
mugabejeanaime96,mugabejeanaime96@gmail.com,Member,1,0,0,U046DE39KEG,MUGABE,"J Aime",
nzaberamikepeter,nzaberamikepeter@gmail.com,Member,1,0,0,U046DE3RKQC,"Nzabera Mike peter",NZABERA,
nicolasnse20,nicolasnse20@gmail.com,Member,0,0,0,U046DE4VBPW,nicolasnse20,,
daniellaganza30,daniellaganza30@gmail.com,Member,1,0,0,U046DQPC0N8,Daniella,Daniella,
mu.gloria405,mu.gloria405@gmail.com,Member,1,0,0,U046DTU4XCK,"Musimenta Gloria",Musisi,
bateteangenadette,bateteangenadette@gmail.com,Member,1,0,0,U046E7PB5AP,"BATETE Ange Nadette",Batete,
souveniriranzi,isouvenir345@gmail.com,Member,1,0,0,U046EB2PT8T,souvenir,souvenir,
kdsean11,kdsean11@gmail.com,Member,1,0,0,U046ENH42RJ,sean,sean,
nyiringabodavid62,nyiringabodavid62@gmail.com,Member,1,0,0,U046F0NQ8CU,"David NYIRINGABO",NYIRINGABO,
tetaassia54,tetaassia54@gmail.com,Member,1,0,0,U046F51LH8S,"Teta Assia",Sangwa,
vanessauwase121,vanessauwase121@gmail.com,Member,1,0,0,U046HJL6VJA,"Uwase Vanessa","Uwase Vanessa",
verygoodmuhirwa2,verygoodmuhirwa2@gmail.com,Member,1,0,0,U046HJLDHT8,Verygood,Verygood,
iratuzibeniebiramata,iratuzibeniebiramata@gmail.com,Member,0,0,0,U046JA4HQSV,iratuzibeniebiramata,,
berniceneza1,berniceneza1@gmail.com,Member,1,0,0,U046KHMKENS,I.N.B.,BERNICE,
edwigeakuzwe6,edwigeakuzwe6@gmail.com,Member,1,0,0,U046KK303U6,"Akuzwe Edwige",Sheja,
edwigeakuzwe,edwigeakuzwe@gmail.com,Member,0,0,0,U046KK3N9HU,edwigeakuzwe,,
rsenemn,rsenemn@gmail.com,Member,0,0,0,U046KKCAL8N,"Arsene NM","Arsene NM",
louangelidvine,louangelidvine@gmail.com,Member,0,0,0,U046M8H6P9T,louangelidvine,,
lidvinelouange,lidvinelouange@gmail.com,Member,1,0,0,U046M8H92S1,"Louange Lidvine","Louange Lidvine",
irumvaregisdmc,irumvaregisdmc@gmail.com,Member,1,0,0,U046MDBP6FK,"D Regis",Merci,
ukjoannamichelle,ukjoannamichelle@gmail.com,Member,1,0,0,U046MJA9L2V,"Kaze Joanna",Joanna,
shamiinnocent123,shamiinnocent123@gmail.com,Member,1,0,0,U046MMT3TGR,"MUGISHA SHAMI Innocent",Innocent,
gitoliremy,gitoliremy@gmail.com,Member,1,0,0,U046PKFS0SV,"Kirenga Remy","Kirenga Remy",
mwungereelite56,mwungereelite56@gmail.com,Member,1,0,0,U046Q4UJT5H,"Mwungere Elite",Elite,
ishimwejustine67,ishimwejustine67@gmail.com,Member,0,0,0,U046Q8EJ2TT,ishimwejustine67,,
blessinggianna,BlessingGianna@gmail.com,Member,0,0,0,U046QGXPC49,blessinggianna,,
isdeborah47,isdeborah47@gmail.com,Member,1,0,0,U046QJXC5K4,"Rutagengwa Deborah",Deborah,
fadhilijosue,fadhilijosue@gmail.com,Member,0,0,0,U046S45A5AT,fadhilijosue,,
giselemigisha53,giselemigisha53@gmail.com,Member,1,0,0,U046SB5L4P2,Migisha,Akuzwe,
sandraihirwe007,sandraihirwe007@gmail.com,Member,1,0,0,U046SLJGT28,"Ihirwe Sandra",Sandra,
hirwajoric,hirwajoric@gmail.com,Member,1,0,0,U046TJ97D34,ĴOŖ1C,ĴOŖ1C,
mosesmanek7,mosesmanek7@gmail.com,Member,1,0,0,U046TPRFZSM,"Ricardo moses maned","Moses Mucyo",
fplbot,botuser-TG3A11QGL-B0472RFRWH4@slack-bots.com,Deactivated,0,0,0,U046UTBHAH5,fplbot,,
heritierbagumire367,heritierbagumire367@gmail.com,Member,1,0,0,U046VBAKA2C,"B. Heritier",Heritier,
rukundoprince951,rukundoprince951@gmail.com,Member,1,0,0,U046VBME796,Prince,Prince,
arsenuga11,arsenuga11@gmail.com,Member,1,0,0,U046VPL2R29,Arsene,Arsene,
dieudonneibikoraneza1,dieudonneibikoraneza13@gmail.com,Member,1,0,0,U046WMJH273,Dieudonne,Dieudonne,
inezabellaariane,inezabellaariane@gmail.com,Member,1,0,0,U046YN72BS6,"Ariane B.",Ariane,
lincadivine,lincadivine@gmail.com,Member,1,0,0,U046ZM4ECQ3,"Divine Itangamahoro",ITANGAMAHORO,
uwasterie07,uwasterie07@gmail.com,Member,1,0,0,U0470MBCGRW,Astrie,Astrie,
barasingizayasmine12,barasingizayasmine12@gmail.com,Member,0,0,0,U0470MC7RR6,"barasingiza yasmine","barasingiza yasmine",
mukarusinelilian,mukarusinelilian@gmail.com,Member,1,0,0,U0470MMM39N,Lily,Lilian,
peaceishimwem,peaceishimwem@gmail.com,Member,1,0,0,U0470MRL1SL,"Munyaneza Ishimwe Peace",Pro_P,
munyanezacelia3,munyanezacelia3@gmail.com,Member,1,0,0,U0470ND8JGG,"Munyaneza Celia",Celia,
ishimwearsene,ishimwearsene@gmail.com,Member,0,0,0,U047165GN4U,ishimwearsene,,
irisarolande125,irisarolande125@gmail.com,Member,1,0,0,U04719UFXKQ,"Irisa Rolande",Irisa,
lindamwesigye2,lindamwesigye2@gmail.com,Member,1,0,0,U0471L052RW,LINDA,"Linda Mwesigye",
aimablebyumvuhore,Aimablebyumvuhore@gmail.com,Member,1,0,0,U04728WPQUD,"BYUMVUHORE Aimable","BYUMVUHORE Aimable",
kayumbaj88,kayumbaj88@gmail.com,Member,1,0,0,U0472N5HXQ9,"Kayumba Jean Marie Vianney",Jean,
anneuhiriwe,anneuhiriwe@gmail.com,Member,1,0,0,U0472RS8K6V,leslie,UHIRIWE,
siboruremarukundoc,siboruremarukundoc@gmail.com,Member,0,0,0,U0473BVQQ73,"Rukundo Christian",Christian,
tetaassia,tetaassia@gmail.com,Member,0,0,0,U04754BL1PB,tetaassia,,
shimwamanahenritresor,shimwamanahenritresor@gmail.com,Member,1,0,0,U0477PCG6KA,"Henri Tresor S.",SHIMWAMANA,
hirwajoric643,hirwajoric@gmail.c,Member,0,0,0,U04786R2PV2,hirwajoric,,
mugisharegis72,mugisharegis72@gmail.com,Member,1,0,0,U047BH0JZ70,"Mugisha Regis","M Regis",
tuyishimenaome27,tuyishimenaome27@gmail.com,Member,1,0,0,U047EA4G6JU,Naome,Naome,
nbruce420,nbruce420@gmail.com,Member,1,0,0,U047FUL83BJ,Bruce,Bruce,
uwimfuraz,uwimfuraz@gmail.com,Member,1,0,0,U047J1AMXUN,zamzam,zamzam,
kalindasammy4,kalindasammy4@gmail.com,Member,1,0,0,U047J377MBM,"K Sammy",sammy,
mbabazilouangeliza,mbabazilouangeliza@gmail.com,Member,1,0,0,U047LJZMDNG,"Liza Louange",Liza,
fatepepe,fatepepe@gmail.com,Member,0,0,0,U047P201ALD,fatepepe,,
imbabazifaith007,imbabazifaith007@gmail.com,Member,1,0,0,U047QGVJW4B,Faith,Faith,
uwaseagnnes,uwaseagnnes@gmail.com,Member,1,0,0,U047QKA544A,"Agnes Uwase",Agnes,
fadhilijosue27,fadhilijosue27@gmail.com,Member,1,0,0,U047RNELLN5,"FADHILI Josue","FADHILI //.nr",
remychiesa14,remychiesa14@gmail.com,Member,1,0,0,U047RPHLBTQ,"Remy Chiesa",Chiesa,
fatepepe66,fatepepe66@gmail.com,Member,1,0,0,U047RTMQJSX,"nsengiyumva nicola",nicola,
umurita37,umurita37@gmail.com,Member,1,0,0,U047RTN7UCB,Rita,Umutoni,
agnesuwase,agnesuwase@gmail.com,Member,0,0,0,U047S0N8L2W,agnesuwase,,
honorinemucyo4b,honorinemucyo4b@gmail.com,Member,1,0,0,U047ST1QEF7,honorine,mucyo,
lisanella509,lisanella509@gmail.com,Member,1,0,0,U047T3AJQ1J,Mulisa,Ornellah,
shemafabrice,shemafabrice@gmail.com,Member,0,0,0,U047VG2NPS7,shemafabrice,,
usanasequeen,usanasequeen@gmail.com,Member,1,0,0,U047WQ868JV,Doris,Doris,
hono,honorineuwineza077@gmail.com,Member,1,0,0,U047XRKLRC0,Uwineza,Hono,
kennydebrice2,kennydebrice2@gmail.com,Member,1,0,0,U047Y9NLFQT,Debrice,"Ck Debrice",
benjamugisha20072,benjamugisha20072@gmail.com,Member,0,0,0,U047YC38HGS,benjamugisha20072,,
benjamugi20072,benjamugi20072@gmail.com,Member,1,0,0,U047YS4C519,"Benjamin ishimwe Mugisha",Benjamin,
barasingizayasmine,barasingizayasmine@outlook.com,Member,1,0,0,U0482B9V3PA,yasmine,yasmine,
micodan369,micodan369@gmail.com,Member,1,0,0,U048358BWLD,"Mico dan","Mico dan",
ingabo1234,ingabo1234@gmail.com,Member,0,0,0,U048BBWM38E,"Ingabo ingabo","Ingabo ingabo",
horinemucyo4b,horinemucyo4b@gmail.com,Member,0,0,0,U048FM69GQ0,horinemucyo4b,,
exaucedo11,exaucedo11@gmail.com,Member,1,0,0,U048N379XLG,Edolyne,Edolyne,
hab1988olivier,hab1988olivier@gmail.com,Member,1,0,0,U048N72K77A,Olivier,Olivier,
sibomanaelissa71,sibomanaelissa71@gmail.com,Member,1,0,0,U048PR1KNPK,"Sibomana Elissa",Trent,
shemafrank680,shemafrank680@gmail.com,Member,0,0,0,U048V1MN3D3,shemafrank,frank,
ma10cele,ma10cele@gmail.com,Member,1,0,0,U049KCE42R4,"celestin NZEYIMANA","celestin NZEYIMANA",
ybarasingiz,ybarasingiz@gmail.c,Member,0,0,0,U049L0W66RM,ybarasingiz,,
rwegoneza,rwegoneza@gmail.com,Member,0,0,0,U04A02H3YG7,rwegoneza,,
shamiinnocent123842,shamiinnocent123@gmail.co,Member,0,0,0,U04A4V2133K,shamiinnocent123,,
ninahenerietterarr,ninahenerietterarr@gmail.com,Member,0,0,0,U04A8GD9ACV,ninahenerietterarr,,
uwanithadonath,uwanithadonath@gmail.com,Member,0,0,0,U04AD67L5L1,uwanithadonath,,
kennydeebrice2,kennydeebrice2@gmail.com,Member,0,0,0,U04AWD7076V,kennydeebrice2,,
mukadisi.florence8,mukadisi.florence8@gmail.com,Member,0,0,0,U04BBU22Z54,"MUKADISI Florence","MUKADISI Florence",
ellisadusabe,ellisadusabe@gmail.com,Member,0,0,0,U04C1JKMYHE,ellisadusabe,,
elissadusabe,elissadusabe@gmail.com,Member,1,0,0,U04C2GPCFFS,Elissa,Elissa,
abayisengaaimepacific,abayisengaaimepacifick@gmail.com,Member,0,0,0,U04C7EW411U,abayisengaaimepacifick,,
habimanat78,habimanat78@gmail.com,Member,1,0,0,U04C87GAXT2,"The twin of google","Tony herve",
fabricecoder009,fabricecoder009@gmail.com,Member,1,0,0,U04CGGNHME0,Fabrice,Fabrice,
figma,botuser-TG3A11QGL-B04EDVCP59A@slack-bots.com,Bot,0,0,0,U04EBFVANJE,Figma,,
wb_bot_a04egsmpquc,botuser-TG3A11QGL-B04EE9VANJX@slack-bots.com,Deactivated,0,0,0,U04F44CG36U,"Team Standup",,
rwagapfizi04,rwagapfizi04@gmail.com,Member,1,0,0,U04H0RY9UHW,"Rwagapfizi Igor Roggy","Igor Roggy",
irabonte123,irabonte123@gmail.com,Member,1,0,0,U04HEATQC81,YB,YB,
postmanbot,botuser-TG3A11QGL-B04JDBC2VQR@slack-bots.com,Deactivated,0,0,0,U04J0JRJQ3V,Postman,,
gpt,botuser-TG3A11QGL-B04JKR1ER9Q@slack-bots.com,Deactivated,0,0,0,U04J5944BU7,gpt,,
yogi,botuser-TG3A11QGL-B04J6Q2LSNT@slack-bots.com,Deactivated,0,0,0,U04JENAN0GN,Yogi,,
shemafrank0987,shemafrank0987@gmail.com,Member,0,0,0,U04JPTZCK0D,shemafrank0987,,
doitforme,botuser-TG3A11QGL-B04JV7ZRQ6Q@slack-bots.com,Deactivated,0,0,0,U04JSPS08LS,DoItForMe,,
miro,botuser-TG3A11QGL-B04NQTFGP5F@slack-bots.com,Deactivated,0,0,0,U04MXNBL9U7,Miro,,
easy_message_schedule,botuser-TG3A11QGL-B04Q8FEDQHY@slack-bots.com,Deactivated,0,0,0,U04Q8C12ML3,"Easy Message Scheduler",,
dailybot,botuser-TG3A11QGL-B04QY64GH8Q@slack-bots.com,Deactivated,0,0,0,U04QM4HMZEV,DailyBot,,
albus,botuser-TG3A11QGL-B04TBB2RMMX@slack-bots.com,Bot,0,0,0,U04SYMYTX0S,Albus,,
shemafranko0987,shemafranko0987@gmail.com,Member,1,0,0,U04TX1R3CJY,frank,,
ybarasingiz520,ybarasingiz@gmail.com,Member,0,0,0,U059CM5MM6K,"yasmine barasingiza","yasmine barasingiza",
jonassbera,jonassbera@gmail.com,Deactivated,0,0,0,U05BRSA8PN2,jonassbera,,
mukamalouis1,mukamalouis1@gmail.com,Member,1,0,0,U05E11E3ARL,"Louis MUKAMA","Louis MUKAMA",
todoist,botuser-TG3A11QGL-B05F8N875QB@slack-bots.com,Deactivated,0,0,0,U05F8RTQWD8,Todoist,,
siboruremarukundoc1,siboruremarukundoc1@gmail.com,Member,1,0,0,U05H4A77FAQ,Christian,Christian,
insta_bot,botuser-TG3A11QGL-B05LR46RGF3@slack-bots.com,Deactivated,0,0,0,U05L9H314R3,"Insta Bot",,
spotmystatus,botuser-TG3A11QGL-B05TM82SCD6@slack-bots.com,Bot,0,0,0,U05SHMXKWJK,SpotMyStatus,,
instagrampostscraper,botuser-TG3A11QGL-B05SQT257PC@slack-bots.com,Bot,0,0,0,U05SJ87G91U,Instagram-Post-Scraper,,
manzimelvin2007,manzimelvin2007@gmail.com,Member,0,0,0,U05U9N1HH2T,manzimelvin2007,,
niyitanganihonor,niyitanganihonor@gmail.com,Member,1,0,0,U05U9QVJBFZ,Honore,Honore,
niyikorakevine,niyikorakevine@gmail.com,Member,1,0,0,U05UA805EFR,"Ihimbazwe N. Kevine",Kevine,
sylvieuwera71,sylvieuwera71@gmail.com,Member,1,0,0,U05UA807QKH,"UWERA Sylvie",Sylvie,
bizimanaisingizwechri,bizimanaisingizwechristian@gmail.com,Member,1,0,0,U05UA92H5N3,"Christian IS","Christian IS",
christiantc0000,christiantc0000@gmail.com,Member,1,0,0,U05UHC5N5JB,"Christian T.","Christian T.",
baboumanzi69,baboumanzi69@gmail.com,Member,1,0,0,U05UHCENWEB,Prince,Prince,
itsmugishasamuella,itsmugishasamuella@gmail.com,Member,1,0,0,U05UHJVDA4E,Samuella,Samuella,
nzizaprince7,nzizaprince7@gmail.com,Member,1,0,0,U05UHLZHH54,"nziza prince","nziza prince",
muhirejessica,muhirejessica@gmail.com,Member,1,0,0,U05UHNMJXRC,jess,neige,
hirwareponse04,hirwareponse04@gmail.com,Member,1,0,0,U05UHQ9AQJJ,Reponse,Hirwa,
tracytesi69,tracytesi69@gmail.com,Member,1,0,0,U05UJ0FJ69M,tracy,tracy,
hopenishimwe5,hopenishimwe5@gmail.com,Member,1,0,0,U05UJ4U4DAA,ndindabahizi,N.Hope,
yvankiliye.rubuto,yvankiliye.rubuto@gmail.com,Member,1,0,0,U05UJ4U6P7G,"Rubuto Yvan","NK Yvan",
pascuwayo,pascuwayo@gmail.com,Member,1,0,0,U05UJ5W5L6S,"UWAYO Pascaline",Pascaline,
munezadieudonne2021,munezadieudonne2021@gmail.com,Member,1,0,0,U05UJ5W9814,Dieudonne,Diėuɗŏnné,
mugishapascal2008,mugishapascal2008@gmail.com,Member,1,0,0,U05UMAL7Y1K,"mugisha pascal","mugisha pascal",
ibenitha36,ibenitha36@gmail.com,Member,1,0,0,U05UMRYTTGV,Benitha,Benitha,
ganzardannymike,ganzardannymike@gmail.com,Member,1,0,0,U05UMT1JVRT,Mike,Mike,
ciaramuzora,ciaramuzora@gmail.com,Member,1,0,0,U05UNKXKF2T,Ciara,Ciara,
furahacelia,furahacelia@gmail.com,Member,0,0,0,U05UPC8GBFH,furahacelia,,
pacifiquem57,pacifiquem57@gmail.com,Member,0,0,0,U05UPC8NABH,pacifiquem57,,
sibomanaedouard974,sibomanaedouard974@gmail.com,Member,1,0,0,U05UPKW8E5C,Edouard,Edouard,
chanceregine4,chanceregine4@gmail.com,Member,1,0,0,U05UQ7XFN91,Chance,"chance regine",
mugishap95,mugishap95@gmail.com,Member,0,0,0,U05UQ8C1RA6,mugishap95,,
fpeacelove77,fpeacelove77@gmail.com,Member,1,0,0,U05UQAFS4RG,Forgiveness,Forgiveness,
irasubizasalynelson,irasubizasalynelson@gmail.com,Member,1,0,0,U05UQAFUWCA,"IRASUBIZA SALY NELSON","IRASUBIZA SALY NELSON",
ainedushimire,ainedushimire@gmail.com,Deactivated,0,0,0,U05UQC3HP42,"ai _ne",ai_ne,
manzimelvin0,manzimelvin0@gmail.com,Member,1,0,0,U05UQC3TV34,Melvin,Manzi,
gloriantwari,gloriantwari@gmail.com,Member,1,0,0,U05UQDFUTUJ,"NTWARI Gloria","NTWARI Gloria",
ishemalove,ishemalove@gmail.com,Member,1,0,0,U05UQMCDXTM,INL,Love,
narasharusaro,narasharusaro@gmail.com,Member,1,0,0,U05UQMCHT8T,Narasha,Narasha,
sitamusahaulucie,sitamusahaulucie@gmail.com,Member,1,0,0,U05UQMXC6SF,Sitamusahau,sitamusahau,
jolieprincesseishimwe,jolieprincesseishimwe@gmail.com,Member,1,0,0,U05UQPQBN10,"Jolie princesse","Jolie Princesse",
corenegasore,corenegasore@gmail.com,Member,1,0,0,U05UQQ7A1KL,"GASORE Corene",Corene,
izabayonadine08,izabayonadine08@gmail.com,Member,1,0,0,U05UQQ7KGJW,"izabayo nadine","izabayo nadine",
aimable.kwizera14,aimable.kwizera14@gmail.com,Member,1,0,0,U05UQQSV8FL,"KWIZERA Aimable",Aimable,
mugishachrispin590,mugishachrispin590@gmail.com,Member,1,0,0,U05UR8G5X2S,"Mugisha chrispin","Mugisha chrispin",
bugiriwilson651,bugiriwilson651@gmail.com,Member,1,0,0,U05UR8J6H54,"Wilson Goal",Goal,
kagabolucky72,kagabolucky72@gmail.com,Member,1,0,0,U05UR8ZNU8N,"kagabo lucky",Lucky,
hatumacharles1,hatumacharles1@gmail.com,Member,1,0,0,U05UR91DQ7Q,Charles,Charles,
ganzac784,ganzac784@gmail.com,Member,1,0,0,U05UR92U5E2,"Chael GANZA",Chael,
auroremukundwa354,auroremukundwa354@gmail.com,Deactivated,0,0,0,U05UR9F6JP8,4UR0.R3,Mukundwa,
niyobyosepaulin20,niyobyosepaulin20@gmail.com,Member,1,0,0,U05UR9HEKU6,Paulin,Paulin,
foodbot,botuser-TG3A11QGL-B05UNTNSKJN@slack-bots.com,Bot,0,0,0,U05URBGFUMA,FoodBot,,
uwasek21,uwasek21@gmail.com,Member,1,0,0,U05USMKLWDS,"Uwase Kevine",Uwase,
angellaninsiima22,angellaninsiima22@gmail.com,Member,1,0,0,U05USPPRCHJ,angella,angella,
abayohirwajovin,abayohirwajovin@gmail.com,Member,1,0,0,U05USPPT9KN,Hirwa,Hirwa,
andrebyukusenge9,andrebyukusenge9@gmail.com,Member,1,0,0,U05USSSFUTW,Andrew,Andrew,
nicole.nibeza345,nicole.nibeza345@gmail.com,Member,1,0,0,U05UT81D3T6,nicole,nicole,
iradukundahope94,iradukundahope94@gmail.com,Member,1,0,0,U05UUJ303AT,"Hope Iradukunda",Hope,
umutoniwasenishimwedi,umutoniwasenishimwedivine@gmail.com,Member,1,0,0,U05UV02TGH3,U.​Divine,Umutoniwase,
yvanmigisha,vanmigi@outlook.com,Member,1,0,0,U05UV07SAP7,"MIGISHA Ivan","MIGISHA Ivan",
sengagloire2007,sengagloire2007@gmail.com,Member,1,0,0,U05UV09KC5T,Gloire,Gloire,
irisakellia,irisakellia@gmail.com,Member,1,0,0,U05UV09RQ9K,kellia,kellia,
nkundabagenzijeremy,nkundabagenzijeremy@gmail.com,Member,1,0,0,U05UV0AUVMK,Jeremy,Jeremy,
loic,ndahiroloicke@gmail.com,Member,1,0,0,U05UV0BF477,ndahiroloic,loic,
iradianah5,iradianah5@gmail.com,Member,1,0,0,U05UV0BLHPX,I.D,IRANZI,
angekevy,angekevy@gmail.com,Member,0,0,0,U05UV0JL1HT,angekevy,,
mutapatie250,mutapatie250@gmail.com,Member,1,0,0,U05UV0QLLN9,Patience,Patience,
salimdripboy,salimdripboy@gmail.com,Member,0,0,0,U05UV0QLQUD,Salim,Salim,
ntarekayitare,ntarekayitare@gmail.com,Member,1,0,0,U05UV0QV38D,"NTARE K. Prince",Prince,
divinenishimweumutoni,divinenishimweumutoniwase@gmail.com,Member,0,0,0,U05UV0SCS21,divinenishimweumutoniwase,,
usanasenice8,usanasenice8@gmail.com,Deactivated,0,0,0,U05UV0USRPF,usanasenice8,,
kamahorolinda,kamahorolinda@gmail.com,Member,1,0,0,U05UV0Y3BE1,"linda kellia",KAMAHORO,
ashraftuyubahe001,ashraftuyubahe001@gmail.com,Member,1,0,0,U05UV0YR685,Ashrafu,Ashrafu,
aganikita07,aganikita07@gmail.com,Member,1,0,0,U05UV16PYQM,Nik.​ta,Nik.ta,
benisamuel566,benisamuel566@gmail.com,Member,1,0,0,U05UWGR7CPQ,"Beni Samuel","Beni Samuel",
chanceregine,chanceregine@gmail.com,Member,0,0,0,U05UXQEE9SP,chanceregine,,
mahingarodin,mahingarodin@gmail.com,Member,1,0,0,U05UXU06EF4,Rodin,mahinga,
tetaliana287,tetaliana287@gmail.com,Member,1,0,0,U05UXU60K18,"ISHIMWE TETA Liana",Liana,
cynthianish12,cynthianish12@gmail.com,Member,1,0,0,U05UXU9FF5G,"Cynthia M","Cynthia M",
faithmico25,faithmico25@gmail.com,Member,1,0,0,U05UYCVALAF,"Faith Mico",F.a.i.t.h.....M,
raphyboy159,raphyboy159@gmail.com,Member,1,0,0,U05UYLXNL8J,Nibishaka,Raphael,
larimahoro,larimahoro@gmail.com,Member,0,0,0,U05UYV931B6,larimahoro,,
reinekheira2023,reinekheira2023@gmail.com,Member,1,0,0,U05V0BT4Z52,Reine,Reine,
nipcts3,nipcts3@gmail.com,Member,1,0,0,U05V32YSSKT,"Patrick Ihirwe",Ihirwe,
asingizwebenite2008,asingizwebenite2008@gmail.com,Member,1,0,0,U05V3D0A7K3,"Asingizwe Benite","Asingizwe Benite",
niyubahwe.annick975,niyubahwe.annick975@gmail.com,Member,1,0,0,U05V3D0RDUZ,​Annick,Annick,
humura53,humura53@gmail.com,Member,1,0,0,U05V3DJ474H,"HUMURA Elvin","HUMURA Elvin",
igiranezakkeren16,igiranezakkeren16@gmail.com,Member,1,0,0,U05V6D6MT0V,"I.A  Keren",Keren,
alphandi80,alphandi80@gmail.com,Member,1,0,0,U05V95C4AMP,"NDIZEYE Alphonse","NDIZEYE Alphonse",
nemmy59,nemmy59@gmail.com,Member,1,0,0,U05V95C71CZ,"NIYIGABA EMMANUEL",,
tuyubaheashrafu2023,tuyubaheashrafu2023@gmail.com,Member,0,0,0,U05V982R9L3,Ashrafu,Ashrafu,
mbonheur23,mbonheur23@gmail.com,Member,0,0,0,U05VAGLG1AM,mbonheur23,,
migzgloire,migzgloire@gmail.com,Member,1,0,0,U05VAGPRUHF,Miguel,Migz,
pirakozenezerwa,pirakozenezerwa@gmail.com,Member,1,0,0,U05VAHCS7J5,Princess,Princess,
umumararunguganzadarl,umumararunguganzadarlene@gmail.com,Member,1,0,0,U05VAHEGLFK,"GANZA Darlene",Dari,
irere2050,irere2050@gmail.com,Member,1,0,0,U05VAHFLEQ1,irere,irere,
ntwalidavid31,ntwalidavid31@gmail.com,Member,1,0,0,U05VB1HEYM8,Ntwali,Ntwali,
alainkwishima,alainkwishima@gmail.com,Member,1,0,0,U05VB50RU5P,Alain,Alain,
rukundorca,rukundorca@gmail.com,Member,1,0,0,U05VD7TGXJM,"Bahati Samuel",RUKUNDO,
orestengabo6,orestengabo6@gmail.com,Member,1,0,0,U05VDA9ST5E,"NGABO Oreste","NGABO Oreste",
iradukundajoyeuse34,iradukundajoyeuse34@gmail.com,Member,1,0,0,U05VDBY9UQG,Joyeuse,Joyeuse,
kennykirenga72,kennykirenga72@gmail.com,Member,1,0,0,U05VDBYBMHN,"KIRENGA Kenny","KIRENGA Kenny",
ntwaliisimbivieira,ntwaliisimbivieira@gmail.com,Member,1,0,0,U05VDQ25LV6,"Ntwali Isimbi Vieira",Vieira,
dufitimanatheoneste05,dufitimanatheoneste05@gmail.com,Deactivated,0,0,0,U05VDQ29C1E,"Boncoeur Theo",THEONESTE,
mbonheurc23,mbonheurc23@gmail.com,Member,1,0,0,U05VDQLKW0Y,Bonheur,Bonheur,
belyseniyodushima,belyseniyodushima@gmail.com,Member,1,0,0,U06017Q3Q4W,Belyse,Belyse,
iyamuremyesergine241,Iyamuremyesergine241@gmail.com,Member,1,0,0,U0601QXCUU9,Sergine,Sergine,
furahacelia33,furahacelia33@gmail.com,Member,1,0,0,U0601QZ7A0Z,"Furaha  Celia",Celia,
princessakeza,princessakeza@gmail.com,Member,0,0,0,U0604CJBC81,princessakeza,,
robbenmunyaneza7,robbenmunyaneza7@gmail.com,Deactivated,0,0,0,U0606T05VT2,"munyaneza robben","munyaneza robben",
iamshemaleandre,iamshemaleandre@gmail.com,Member,1,0,0,U0606T2DSD6,"Shema Leandre",Leandre,
laulanyumbayire,laulanyumbayire@gmail.com,Member,1,0,0,U0606T4TE9E,Nyumbayire,Laurent,
pazzoamani,pazzoamani@gmail.com,Member,1,0,0,U0606T6HFAL,Amani,Amani,
nelsonprox92,nelsonprox92@gmail.com,Member,1,0,0,U0606T6KDPS,Polo,Polo,
mugabepromesse,mugabepromesse@gmail.com,Member,1,0,0,U0606T80XNC,Ineza,Ineza,
agasarokessia,agasarokessia@gmail.com,Member,1,0,0,U0606TA9D1N,Kessia,Kessia,
angegaby2007,Angegaby2007@gmail.com,Member,1,0,0,U0606TC7M5E,"NDUWINGOMA Gabriella",Gabriella,
mugishacrispin590,mugishacrispin590@gmail.com,Deactivated,0,0,0,U0606TST1KJ,mugishacrispin590,,
sewasejo8,sewasejo8@gmail.com,Member,1,0,0,U0606TWJ8UQ,Angelo,Angelo,
itsmeusnice,itsmeusnice@gmail.com,Member,1,0,0,U0606U9PDCG,Nice,Nice,
ganzamacmonia,ganzamacmonia@gmail.com,Member,1,0,0,U0607900T55,"Mac Monia",GANZA,
mucyoivan25,mucyoivan25@gmail.com,Member,1,0,0,U0607R2HK5H,"Mucyo Ivan","Mucyo Ivan",
mugishagemimah,mugishagemimah@gmail.com,Member,1,0,0,U0607SLCSH0,"Gemimah Mugisha",Gemimah,
brillanteigabemurangw,brillanteigabemurangwa@gmail.com,Member,1,0,0,U06089N9XT5,MURANGWA,brillante,
iratuzi62,iratuzi62@gmail.com,Member,0,0,0,U0608CR2NJW,Munezero,Munezero,
umurungiolga12,umurungiolga12@gmail.com,Member,1,0,0,U06095S9WCW,Olga,Olga,
pacifiquem58,pacifiquem58@gmail.com,Member,1,0,0,U060ARU4TCL,Pacifique,fique,
saboedvine383,saboedvine383@gmail.com,Member,0,0,0,U060C6396MN,Edvine,Sabo,
juniormanene,juniormanene@gmail.com,Member,1,0,0,U060EL1BQ0Y,"Junior Manene",M_Junior,
landryasimwe,landryasimwe@gmail.com,Member,1,0,0,U060ERAMM6W,Chretien,Chretien,
fredgisa74,fredgisa74@gmail.com,Member,1,0,0,U060FMWL8UB,"Gisa Fred","Gisa Fred",
uhirweestherhope,uhirweestherhope@gmail.com,Member,1,0,0,U060FN45GR1,"Esther hope",Uhirwe,
kendyneilla,kendyneilla@gmail.com,Member,1,0,0,U060J4T9MFV,Kendy,Kendy,
murungiolga12,murungiolga12@gmail.com,Member,0,0,0,U060J8J7DEG,olga,olga,
isimbihyguette24,isimbihyguette24@gmail.com,Member,1,0,0,U060J8K6K36,"ISIMBI  Hyguette",Isimbiii_._,
orestengabo0,orestengabo0@gmail.com,Member,0,0,0,U060J95D5PX,"Oreste  NGABO","Oreste  NGABO",
jeancalvin07,jeancalvin07@gmail.com,Member,0,0,0,U060JB9KUKC,jeancalvin07,,
emmanuellaparadie,emmanuellaparadie@gmail.com,Deactivated,0,0,0,U060JSFDBGD,emmanuellaparadie,,
ntwalidavid,ntwalidavid@gmail.com,Member,0,0,0,U060L1CF9RN,ntwalidavid,,
emenuellaparadie,emenuellaparadie@gmail.com,Deactivated,0,0,0,U060MMB14MR,emenuellaparadie,,
kwizeraolivier2119,kwizeraolivier2119@gmail.com,Member,1,0,0,U060TEMM0M7,"KWIZERA Olivier","K Olivier",
bonnybagabo250,bonnybagabo250@gmail.com,Member,1,0,0,U060VATSVQ8,"BAGABO BONNY","BAGABO BONNY",
tetaraissa89,tetaraissa89@gmail.com,Member,1,0,0,U060VATV35W,GATERA,Raissa,
jeancalvin027,jeancalvin027@gmail.com,Member,1,0,0,U061A6Q2540,J.​CALVIN,CALVIN,
emmenuellaparadie,emmenuellaparadie@gmail.com,Member,1,0,0,U061AQA8NJC,paradie,paradie,
arnwolfie5,arnwolfie5@gmail.com,Member,1,0,0,U061FHBV5B4,"RUYANGE Arnold","RUYANGE Arnold",
nyirabisaboe,nyirabisaboe@gmail.com,Member,1,0,0,U061N36AE13,N.K.E,Edvine,
prohaby2000,prohaby2000@gmail.com,Member,1,0,0,U061XQ86KMJ,Projecte,Projecte,
kirezilivia,kirezilivia@gmail.com,Member,1,0,0,U06228W7PCL,Livia,Livia,
rutayisiregael2000,rutayisiregael2000@gmail.com,Member,1,0,0,U062E0PEU9E,Gael,"ICE MAN",
k2albert123,k2albert123@gmail.com,Member,1,0,0,U062HBE74Q6,k2albert,k2albert,
niyobyosepaulin,niyobyosepaulin@gmail.com,Member,0,0,0,U063D3JTYBA,niyobyosepaulin,,
angeekevinee,angeekevinee@gmail.com,Member,1,0,0,U063FJBSG6M,Ange_Kevine,Ange.kevine,
raphaelnibihaka,raphaelnibihaka@gmail.com,Member,0,0,0,U063KHSUNV9,raphaelnibihaka,,
princesseakeza,princesseakeza@gmail.com,Member,1,0,0,U063NHFTLTT,Princesse,Princesse,
raphaelnibishaka,raphaelnibishaka@gmail.com,Member,0,0,0,U0648MQ6NJC,hackel,hackel,
ganzadarlene,ganzadarlene@gmail.com,Member,0,0,0,U064KFY9NMC,ganzadarlene,,
nkundabazaeugene18,nkundabazaeugene18@gmail.com,Member,0,0,0,U06BKVBSD43,"Nkundabaza Eugène",,
kwizeraolivierm2119,kwizeraolivierm2119@gmail.com,Member,0,0,0,U06C1VAJR1S,kwizeraolivierm2119,,
bibleversebot,botuser-TG3A11QGL-B06EJCZMD7T@slack-bots.com,Deactivated,0,0,0,U06E5LF4VEX,BibleVerseBot,,
rutagandasalim,rutagandasalim@gmail.com,Member,1,0,0,U06EL0LV048,Salim,Salim,
elvinhumura,elvinhumura@gmail.com,Member,1,0,0,U06EURCRZFF,Elvin,Humura,
iccbot,botuser-TG3A11QGL-B06K9NLGA3D@slack-bots.com,Bot,0,0,0,U06K9RUJV6W,IccBot,,
ikirengamugisha,ikirengamugisha@gmail.com,Member,0,0,0,U06PLMZMXNW,ikirengamugisha,,
